setpoint,error_value,prefetch_count,new_prefetch_count
4500,2145.9050426540575,2354,1,10
4500,6531.80266855555,-2032,10,19
4500,6287.241988881834,-1787,19,28
4500,5831.855228391086,-1332,28,34
4500,5954.767062331236,-1455,34,42
4500,6256.634663629945,-1757,42,51
4500,6159.4903076562805,-1659,51,60
4500,5992.721943314831,-1493,60,69
4500,5578.539483750698,-1079,69,72
4500,5853.950452985506,-1354,72,78
4500,5983.8049850912075,-1484,78,87
4500,5923.559467373678,-1424,87,95
4500,5782.003088851656,-1282,95,100
4500,5437.165625108476,-937,100,101
4500,5687.675862352765,-1188,101,105
4500,6297.889789569243,-1798,105,114
4500,5848.642131364714,-1349,114,120
4500,6099.411679407958,-1599,120,129
4500,6207.7661069288615,-1708,129,138
4500,6341.682763485073,-1842,138,147
4500,6084.316444628904,-1584,147,156
4500,6293.2987996485135,-1793,156,165
4500,6037.897552770176,-1538,165,174
4500,6230.170919739503,-1730,174,183
4500,6291.349150863596,-1791,183,192
4500,6381.690718766836,-1882,192,201
4500,6159.388839303212,-1659,201,210
4500,6343.984572257367,-1844,210,219
4500,6287.3222011513135,-1787,219,228
4500,6337.082322725492,-1837,228,237
4500,6264.000685299498,-1764,237,246
4500,1546.6466478790278,2953,246,255
4500,5122.650576036023,-623,255,252
4500,5191.175118835094,-691,252,250
4500,4279.86897983146,220,250,252
4500,4234.768320188846,265,252,254
4500,4210.614581748665,289,254,256
4500,4261.873915542076,238,256,258
4500,3749.4954721000404,751,258,261
4500,4169.3894629649385,331,261,263
4500,4193.685202183487,306,263,265
4500,4187.878439944786,312,265,267
4500,4242.174613527584,258,267,269
4500,4236.980503624983,263,269,271
