setpoint,error_value,prefetch_count,new_prefetch_count
4500,2463.97097965088,2036.02902034912,1,1
4500,2687.4869722600206,1812.5130277399794,1,2
4500,4704.075733472999,-204.07573347299876,2,2
4500,4356.563828297165,143.43617170283505,2,3
4500,6878.838826396888,-2378.838826396888,3,2
4500,4664.168365318657,-164.16836531865738,2,2
4500,4788.057305587952,-288.0573055879522,2,2
4500,4739.867114893665,-239.86711489366462,2,2
4500,4537.824916017253,-37.82491601725269,2,2
4500,4941.077718957132,-441.07771895713176,2,2
4500,4621.4181225513175,-121.41812255131754,2,2
4500,4538.640931840663,-38.64093184066314,2,2
4500,4571.744410570875,-71.7444105708746,2,2
4500,4441.596929018237,58.40307098176345,2,3
4500,6315.291417608004,-1815.291417608004,3,3
4500,6037.054948468235,-1537.0549484682351,3,3
4500,5813.803737729286,-1313.8037377292858,3,3
4500,6411.445333959427,-1911.4453339594274,3,3
4500,6175.667460095676,-1675.6674600956758,3,3
4500,6057.451618998232,-1557.4516189982323,3,3
4500,6073.141213242231,-1573.141213242231,3,3
4500,6079.435040491723,-1579.4350404917232,3,3
4500,6077.141515625384,-1577.1415156253843,3,3
4500,6173.868205558481,-1673.8682055584813,3,3
4500,6476.987028434029,-1976.9870284340286,3,3
4500,5992.571164108449,-1492.571164108449,3,3
4500,6187.0585494172,-1687.0585494172,3,3
4500,5872.749313753806,-1372.7493137538058,3,3
4500,6272.5211879094595,-1772.5211879094595,3,3
4500,6076.950332982684,-1576.950332982684,3,3
4500,6089.592885826793,-1589.5928858267926,3,3
4500,6318.4468228404885,-1818.4468228404885,3,3
4500,5984.91300327197,-1484.9130032719704,3,3
4500,6185.463158468426,-1685.4631584684257,3,3
4500,6047.338435232357,-1547.3384352323574,3,3
4500,6113.079886888876,-1613.079886888876,3,3
4500,6220.785761751339,-1720.7857617513391,3,3
4500,6150.024044922659,-1650.0240449226594,3,3
4500,6295.940107343129,-1795.940107343129,3,3
4500,6332.537343525944,-1832.5373435259444,3,3
4500,6346.065805748174,-1846.0658057481742,3,3
4500,6032.4484086841885,-1532.4484086841885,3,3
4500,6080.293186622148,-1580.293186622148,3,3
4500,6249.761556470834,-1749.761556470834,3,3
4500,5880.55345249781,-1380.5534524978102,3,3
