prefetch_count,arrival_rate,sample_number,setpoint

1,1716.0837206379401,1,2500
4,3515.529840774367,2,2500
1,1704.1381614141067,3,2500
4,3915.878256195877,4,2500
1,1741.1788284015063,5,2500
4,4047.628610696492,6,2500
1,1719.7372673506964,7,2500
4,3830.670493632317,8,2500
1,1756.538940196638,9,2500
4,3914.229779741329,10,2500
2,2919.6320638075144,11,2500
